[
{
    "model": "cruises.ship",
    "pk": 1,
    "fields": {
        "name": "Visionary context-sensitive Local Area Network",
        "tonnage": 900
    }
},
{
    "model": "cruises.ship",
    "pk": 2,
    "fields": {
        "name": "Extended clear-thinking knowledge user",
        "tonnage": 2200
    }
},
{
    "model": "cruises.ship",
    "pk": 3,
    "fields": {
        "name": "Expanded motivating hub",
        "tonnage": 8700
    }
},
{
    "model": "cruises.ship",
    "pk": 4,
    "fields": {
        "name": "Centralized uniform Internet solution",
        "tonnage": 9600
    }
},
{
    "model": "cruises.ship",
    "pk": 5,
    "fields": {
        "name": "Up-sized full-range encoding",
        "tonnage": 6100
    }
},
{
    "model": "cruises.cabin",
    "pk": 1,
    "fields": {
        "ship_id": 1,
        "name": "Joshua",
        "beds": 1,
        "deck": 1
    }
},
{
    "model": "cruises.cabin",
    "pk": 2,
    "fields": {
        "ship_id": 1,
        "name": "Robert",
        "beds": 3,
        "deck": 2
    }
},
{
    "model": "cruises.cabin",
    "pk": 3,
    "fields": {
        "ship_id": 1,
        "name": "Sheri",
        "beds": 1,
        "deck": 2
    }
},
{
    "model": "cruises.cabin",
    "pk": 4,
    "fields": {
        "ship_id": 1,
        "name": "Sergio",
        "beds": 1,
        "deck": 3
    }
},
{
    "model": "cruises.cabin",
    "pk": 5,
    "fields": {
        "ship_id": 1,
        "name": "Ruben",
        "beds": 3,
        "deck": 3
    }
},
{
    "model": "cruises.cabin",
    "pk": 6,
    "fields": {
        "ship_id": 1,
        "name": "Dustin",
        "beds": 3,
        "deck": 2
    }
},
{
    "model": "cruises.cabin",
    "pk": 7,
    "fields": {
        "ship_id": 1,
        "name": "William",
        "beds": 3,
        "deck": 3
    }
},
{
    "model": "cruises.cabin",
    "pk": 8,
    "fields": {
        "ship_id": 1,
        "name": "Richard",
        "beds": 1,
        "deck": 3
    }
},
{
    "model": "cruises.cabin",
    "pk": 9,
    "fields": {
        "ship_id": 1,
        "name": "Kari",
        "beds": 2,
        "deck": 2
    }
},
{
    "model": "cruises.cabin",
    "pk": 10,
    "fields": {
        "ship_id": 1,
        "name": "Gregory",
        "beds": 3,
        "deck": 1
    }
},
{
    "model": "cruises.cabin",
    "pk": 11,
    "fields": {
        "ship_id": 2,
        "name": "Paul",
        "beds": 2,
        "deck": 2
    }
},
{
    "model": "cruises.cabin",
    "pk": 12,
    "fields": {
        "ship_id": 2,
        "name": "Dawn",
        "beds": 3,
        "deck": 3
    }
},
{
    "model": "cruises.cabin",
    "pk": 13,
    "fields": {
        "ship_id": 2,
        "name": "George",
        "beds": 3,
        "deck": 3
    }
},
{
    "model": "cruises.cabin",
    "pk": 14,
    "fields": {
        "ship_id": 2,
        "name": "Maria",
        "beds": 1,
        "deck": 1
    }
},
{
    "model": "cruises.cabin",
    "pk": 15,
    "fields": {
        "ship_id": 2,
        "name": "Benjamin",
        "beds": 1,
        "deck": 3
    }
},
{
    "model": "cruises.cabin",
    "pk": 16,
    "fields": {
        "ship_id": 2,
        "name": "Gregory",
        "beds": 2,
        "deck": 3
    }
},
{
    "model": "cruises.cabin",
    "pk": 17,
    "fields": {
        "ship_id": 2,
        "name": "Tyler",
        "beds": 2,
        "deck": 1
    }
},
{
    "model": "cruises.cabin",
    "pk": 18,
    "fields": {
        "ship_id": 2,
        "name": "Cheryl",
        "beds": 3,
        "deck": 1
    }
},
{
    "model": "cruises.cabin",
    "pk": 19,
    "fields": {
        "ship_id": 2,
        "name": "Ryan",
        "beds": 3,
        "deck": 2
    }
},
{
    "model": "cruises.cabin",
    "pk": 20,
    "fields": {
        "ship_id": 2,
        "name": "Steven",
        "beds": 3,
        "deck": 1
    }
},
{
    "model": "cruises.cabin",
    "pk": 21,
    "fields": {
        "ship_id": 3,
        "name": "Deborah",
        "beds": 1,
        "deck": 2
    }
},
{
    "model": "cruises.cabin",
    "pk": 22,
    "fields": {
        "ship_id": 3,
        "name": "Amy",
        "beds": 2,
        "deck": 2
    }
},
{
    "model": "cruises.cabin",
    "pk": 23,
    "fields": {
        "ship_id": 3,
        "name": "Michaela",
        "beds": 2,
        "deck": 3
    }
},
{
    "model": "cruises.cabin",
    "pk": 24,
    "fields": {
        "ship_id": 3,
        "name": "Stephen",
        "beds": 3,
        "deck": 3
    }
},
{
    "model": "cruises.cabin",
    "pk": 25,
    "fields": {
        "ship_id": 3,
        "name": "Richard",
        "beds": 2,
        "deck": 3
    }
},
{
    "model": "cruises.cabin",
    "pk": 26,
    "fields": {
        "ship_id": 3,
        "name": "Chad",
        "beds": 2,
        "deck": 3
    }
},
{
    "model": "cruises.cabin",
    "pk": 27,
    "fields": {
        "ship_id": 3,
        "name": "Monica",
        "beds": 1,
        "deck": 2
    }
},
{
    "model": "cruises.cabin",
    "pk": 28,
    "fields": {
        "ship_id": 3,
        "name": "Paul",
        "beds": 3,
        "deck": 2
    }
},
{
    "model": "cruises.cabin",
    "pk": 29,
    "fields": {
        "ship_id": 3,
        "name": "Johnny",
        "beds": 1,
        "deck": 3
    }
},
{
    "model": "cruises.cabin",
    "pk": 30,
    "fields": {
        "ship_id": 3,
        "name": "Andrew",
        "beds": 1,
        "deck": 1
    }
},
{
    "model": "cruises.cabin",
    "pk": 31,
    "fields": {
        "ship_id": 4,
        "name": "Brian",
        "beds": 1,
        "deck": 1
    }
},
{
    "model": "cruises.cabin",
    "pk": 32,
    "fields": {
        "ship_id": 4,
        "name": "Lisa",
        "beds": 2,
        "deck": 2
    }
},
{
    "model": "cruises.cabin",
    "pk": 33,
    "fields": {
        "ship_id": 4,
        "name": "Barbara",
        "beds": 2,
        "deck": 2
    }
},
{
    "model": "cruises.cabin",
    "pk": 34,
    "fields": {
        "ship_id": 4,
        "name": "Megan",
        "beds": 1,
        "deck": 2
    }
},
{
    "model": "cruises.cabin",
    "pk": 35,
    "fields": {
        "ship_id": 4,
        "name": "Jack",
        "beds": 3,
        "deck": 2
    }
},
{
    "model": "cruises.cabin",
    "pk": 36,
    "fields": {
        "ship_id": 4,
        "name": "Sarah",
        "beds": 3,
        "deck": 1
    }
},
{
    "model": "cruises.cabin",
    "pk": 37,
    "fields": {
        "ship_id": 4,
        "name": "Brandon",
        "beds": 1,
        "deck": 3
    }
},
{
    "model": "cruises.cabin",
    "pk": 38,
    "fields": {
        "ship_id": 4,
        "name": "Jeffrey",
        "beds": 3,
        "deck": 1
    }
},
{
    "model": "cruises.cabin",
    "pk": 39,
    "fields": {
        "ship_id": 4,
        "name": "Cameron",
        "beds": 1,
        "deck": 3
    }
},
{
    "model": "cruises.cabin",
    "pk": 40,
    "fields": {
        "ship_id": 4,
        "name": "Edward",
        "beds": 3,
        "deck": 3
    }
},
{
    "model": "cruises.cabin",
    "pk": 41,
    "fields": {
        "ship_id": 5,
        "name": "Robin",
        "beds": 3,
        "deck": 2
    }
},
{
    "model": "cruises.cabin",
    "pk": 42,
    "fields": {
        "ship_id": 5,
        "name": "Gerald",
        "beds": 1,
        "deck": 3
    }
},
{
    "model": "cruises.cabin",
    "pk": 43,
    "fields": {
        "ship_id": 5,
        "name": "Thomas",
        "beds": 2,
        "deck": 3
    }
},
{
    "model": "cruises.cabin",
    "pk": 44,
    "fields": {
        "ship_id": 5,
        "name": "Michelle",
        "beds": 3,
        "deck": 2
    }
},
{
    "model": "cruises.cabin",
    "pk": 45,
    "fields": {
        "ship_id": 5,
        "name": "Michael",
        "beds": 3,
        "deck": 3
    }
},
{
    "model": "cruises.cabin",
    "pk": 46,
    "fields": {
        "ship_id": 5,
        "name": "Jaime",
        "beds": 3,
        "deck": 3
    }
},
{
    "model": "cruises.cabin",
    "pk": 47,
    "fields": {
        "ship_id": 5,
        "name": "Teresa",
        "beds": 2,
        "deck": 2
    }
},
{
    "model": "cruises.cabin",
    "pk": 48,
    "fields": {
        "ship_id": 5,
        "name": "Ronald",
        "beds": 2,
        "deck": 3
    }
},
{
    "model": "cruises.cabin",
    "pk": 49,
    "fields": {
        "ship_id": 5,
        "name": "Robert",
        "beds": 1,
        "deck": 1
    }
},
{
    "model": "cruises.cabin",
    "pk": 50,
    "fields": {
        "ship_id": 5,
        "name": "Andrea",
        "beds": 3,
        "deck": 3
    }
},
{
    "model": "cruises.cruise",
    "pk": 1,
    "fields": {
        "ship_id": 1,
        "name": "Hill, Adkins and Thomas"
    }
},
{
    "model": "cruises.cruise",
    "pk": 2,
    "fields": {
        "ship_id": 2,
        "name": "Barnes, Allen and Anderson"
    }
},
{
    "model": "cruises.cruise",
    "pk": 3,
    "fields": {
        "ship_id": 3,
        "name": "Wade, Maxwell and Blevins"
    }
},
{
    "model": "cruises.cruise",
    "pk": 4,
    "fields": {
        "ship_id": 4,
        "name": "Jones Ltd"
    }
},
{
    "model": "cruises.cruise",
    "pk": 5,
    "fields": {
        "ship_id": 5,
        "name": "Allen Group"
    }
}
]
